id,producto_id,modelo_id,motor_id,ano_desde,ano_hasta
f-00001,p-0001,ty-prado,,2010,2020
f-00002,p-0002,ni-versa,,2015,2020
f-00003,p-0002,ni-march,,2014,2021
f-00004,p-0003,hy-accent,,2012,2018
f-00005,p-0003,ki-rio,,2012,2017
f-00006,p-0004,fo-fiesta,,2011,2016
f-00007,p-0005,hy-tucson,,2016,2022
f-00008,p-0005,ki-sportage,,2016,2022
f-00009,p-0006,ty-corolla,,2014,2019
f-00010,p-0006,ty-yaris,,2018,2023
f-00011,p-0007,fo-escape,,2013,2019
f-00012,p-0008,rn-duster,,2012,2021
f-00013,p-0009,cv-captiva,,2008,2018
f-00014,p-0010,cv-onix,,2017,2024
f-00015,p-0010,cv-tracker,,2020,2025
f-00016,p-0011,rn-logan,,2014,2020
f-00017,p-0011,rn-sandero,,2015,2021
f-00018,p-0011,rn-stepway,,2016,2022
f-00019,p-0012,cv-spark-gt,,2011,2017
f-00020,p-0012,cv-sail,,2013,2019
f-00021,p-0013,mz-3,,2015,2019
f-00022,p-0013,mz-2,,2016,2021
f-00023,p-0013,mz-cx5,,2017,2023
f-00024,p-0014,ni-qashqai,,2018,2023
f-00025,p-0015,rn-kwid,,2018,2024
f-00026,p-0016,ty-hilux,,2016,2023
f-00027,p-0016,fo-ranger,,2016,2022
f-00028,p-0016,ni-frontier,,2010,2020
f-00029,p-0016,vw-amarok,,2011,2021
f-00030,p-0016,cv-dmax,,2006,2013
f-00031,p-0017,ty-prado,,2010,2020
f-00032,p-0018,ni-versa,,2015,2020
f-00033,p-0018,ni-march,,2014,2021
f-00034,p-0019,hy-accent,,2012,2018
f-00035,p-0019,ki-rio,,2012,2017
f-00036,p-0020,hy-tucson,,2016,2022
f-00037,p-0020,ki-sportage,,2016,2022
f-00038,p-0021,ty-hilux,,2016,2023
f-00039,p-0021,fo-ranger,,2016,2022
f-00040,p-0021,ni-frontier,,2010,2020
f-00041,p-0021,vw-amarok,,2011,2021
f-00042,p-0021,cv-dmax,,2006,2013
f-00043,p-0022,ty-corolla,,2014,2019
f-00044,p-0022,ty-yaris,,2018,2023
f-00045,p-0023,cv-spark-gt,,2011,2017
f-00046,p-0023,cv-sail,,2013,2019
f-00047,p-0024,vw-gol,,2013,2018
f-00048,p-0024,vw-polo,,2018,2023
f-00049,p-0025,rn-logan,,2014,2020
f-00050,p-0025,rn-sandero,,2015,2021
f-00051,p-0025,rn-stepway,,2016,2022
f-00052,p-0026,rn-duster,,2012,2021
f-00053,p-0027,hy-elantra,,2017,2023
f-00054,p-0027,ki-cerato,,2014,2021
f-00055,p-0028,vw-gol,,2013,2018
f-00056,p-0028,vw-polo,,2018,2023
f-00057,p-0029,ty-prado,,2010,2020
f-00058,p-0030,su-swift,,2018,2023
f-00059,p-0030,su-vitara,,2016,2022
f-00060,p-0031,rn-kwid,,2018,2024
f-00061,p-0032,cv-captiva,,2008,2018
f-00062,p-0033,fo-escape,,2013,2019
f-00063,p-0034,mz-3,,2015,2019
f-00064,p-0034,mz-2,,2016,2021
f-00065,p-0034,mz-cx5,,2017,2023
f-00066,p-0035,ni-qashqai,,2018,2023
f-00067,p-0036,ni-versa,,2015,2020
f-00068,p-0036,ni-march,,2014,2021
f-00069,p-0037,hy-elantra,,2017,2023
f-00070,p-0037,ki-cerato,,2014,2021
f-00071,p-0038,fo-fiesta,,2011,2016
f-00072,p-0039,ty-hilux,,2016,2023
f-00073,p-0039,fo-ranger,,2016,2022
f-00074,p-0039,ni-frontier,,2010,2020
f-00075,p-0039,vw-amarok,,2011,2021
f-00076,p-0039,cv-dmax,,2006,2013
f-00077,p-0040,cv-spark-gt,,2011,2017
f-00078,p-0040,cv-sail,,2013,2019
f-00079,p-0041,hy-accent,,2012,2018
f-00080,p-0041,ki-rio,,2012,2017
f-00081,p-0042,fo-fiesta,,2011,2016
f-00082,p-0043,ty-hilux,,2016,2023
f-00083,p-0043,fo-ranger,,2016,2022
f-00084,p-0043,ni-frontier,,2010,2020
f-00085,p-0043,vw-amarok,,2011,2021
f-00086,p-0043,cv-dmax,,2006,2013
f-00087,p-0044,ty-prado,,2010,2020
f-00088,p-0045,hy-i10,,2014,2020
f-00089,p-0045,ki-picanto,,2012,2020
f-00090,p-0046,cv-captiva,,2008,2018
f-00091,p-0047,vw-gol,,2013,2018
f-00092,p-0047,vw-polo,,2018,2023
f-00093,p-0048,rn-duster,,2012,2021
f-00094,p-0049,cv-spark-gt,,2011,2017
f-00095,p-0049,cv-sail,,2013,2019
f-00096,p-0050,ni-versa,,2015,2020
f-00097,p-0050,ni-march,,2014,2021
f-00098,p-0051,mz-3,,2015,2019
f-00099,p-0051,mz-2,,2016,2021
f-00100,p-0051,mz-cx5,,2017,2023
f-00101,p-0052,rn-logan,,2014,2020
f-00102,p-0052,rn-sandero,,2015,2021
f-00103,p-0052,rn-stepway,,2016,2022
f-00104,p-0053,hy-elantra,,2017,2023
f-00105,p-0053,ki-cerato,,2014,2021
f-00106,p-0054,cv-spark-gt,,2011,2017
f-00107,p-0054,cv-sail,,2013,2019
f-00108,p-0055,rn-duster,,2012,2021
f-00109,p-0056,rn-kwid,,2018,2024
f-00110,p-0057,hy-tucson,,2016,2022
f-00111,p-0057,ki-sportage,,2016,2022
f-00112,p-0058,fo-fiesta,,2011,2016
f-00113,p-0059,fo-escape,,2013,2019
f-00114,p-0060,vw-gol,,2013,2018
f-00115,p-0060,vw-polo,,2018,2023
f-00116,p-0061,rn-duster,,2012,2021
f-00117,p-0062,hy-tucson,,2016,2022
f-00118,p-0062,ki-sportage,,2016,2022
f-00119,p-0063,hy-i10,,2014,2020
f-00120,p-0063,ki-picanto,,2012,2020
f-00121,p-0064,cv-spark-gt,,2011,2017
f-00122,p-0064,cv-sail,,2013,2019
f-00123,p-0065,rn-kwid,,2018,2024
f-00124,p-0066,fo-escape,,2013,2019
f-00125,p-0067,rn-logan,,2014,2020
f-00126,p-0067,rn-sandero,,2015,2021
f-00127,p-0067,rn-stepway,,2016,2022
f-00128,p-0068,cv-captiva,,2008,2018
f-00129,p-0069,ni-versa,,2015,2020
f-00130,p-0069,ni-march,,2014,2021
f-00131,p-0070,vw-gol,,2013,2018
f-00132,p-0070,vw-polo,,2018,2023
f-00133,p-0071,ty-corolla,,2014,2019
f-00134,p-0071,ty-yaris,,2018,2023
f-00135,p-0072,hy-accent,,2012,2018
f-00136,p-0072,ki-rio,,2012,2017
f-00137,p-0073,ty-prado,,2010,2020
f-00138,p-0074,hy-i10,,2014,2020
f-00139,p-0074,ki-picanto,,2012,2020
f-00140,p-0075,su-swift,,2018,2023
f-00141,p-0075,su-vitara,,2016,2022
f-00142,p-0076,fo-fiesta,,2011,2016
f-00143,p-0077,ty-hilux,,2016,2023
f-00144,p-0077,fo-ranger,,2016,2022
f-00145,p-0077,ni-frontier,,2010,2020
f-00146,p-0077,vw-amarok,,2011,2021
f-00147,p-0077,cv-dmax,,2006,2013
f-00148,p-0078,hy-tucson,,2016,2022
f-00149,p-0078,ki-sportage,,2016,2022
f-00150,p-0079,su-swift,,2018,2023
f-00151,p-0079,su-vitara,,2016,2022
f-00152,p-0080,ni-versa,,2015,2020
f-00153,p-0080,ni-march,,2014,2021
f-00154,p-0081,ni-qashqai,,2018,2023
f-00155,p-0082,cv-spark-gt,,2011,2017
f-00156,p-0082,cv-sail,,2013,2019
f-00157,p-0083,ty-prado,,2010,2020
f-00158,p-0084,hy-accent,,2012,2018
f-00159,p-0084,ki-rio,,2012,2017
f-00160,p-0085,fo-fiesta,,2011,2016
f-00161,p-0086,hy-elantra,,2017,2023
f-00162,p-0086,ki-cerato,,2014,2021
f-00163,p-0087,ty-hilux,,2016,2023
f-00164,p-0087,fo-ranger,,2016,2022
f-00165,p-0087,ni-frontier,,2010,2020
f-00166,p-0087,vw-amarok,,2011,2021
f-00167,p-0087,cv-dmax,,2006,2013
f-00168,p-0088,rn-kwid,,2018,2024
f-00169,p-0089,fo-escape,,2013,2019
f-00170,p-0090,vw-gol,,2013,2018
f-00171,p-0090,vw-polo,,2018,2023
f-00172,p-0091,ty-corolla,,2014,2019
f-00173,p-0091,ty-yaris,,2018,2023
f-00174,p-0092,fo-escape,,2013,2019
f-00175,p-0093,mz-3,,2015,2019
f-00176,p-0093,mz-2,,2016,2021
f-00177,p-0093,mz-cx5,,2017,2023
f-00178,p-0094,rn-duster,,2012,2021
f-00179,p-0095,fo-fiesta,,2011,2016
f-00180,p-0096,ni-versa,,2015,2020
f-00181,p-0096,ni-march,,2014,2021
f-00182,p-0097,cv-captiva,,2008,2018
f-00183,p-0098,rn-logan,,2014,2020
f-00184,p-0098,rn-sandero,,2015,2021
f-00185,p-0098,rn-stepway,,2016,2022
f-00186,p-0099,hy-elantra,,2017,2023
f-00187,p-0099,ki-cerato,,2014,2021
f-00188,p-0100,fo-escape,,2013,2019
f-00189,p-0101,hy-i10,,2014,2020
f-00190,p-0101,ki-picanto,,2012,2020
f-00191,p-0102,hy-elantra,,2017,2023
f-00192,p-0102,ki-cerato,,2014,2021
f-00193,p-0103,cv-captiva,,2008,2018
f-00194,p-0104,ni-versa,,2015,2020
f-00195,p-0104,ni-march,,2014,2021
f-00196,p-0105,rn-kwid,,2018,2024
f-00197,p-0106,su-swift,,2018,2023
f-00198,p-0106,su-vitara,,2016,2022
f-00199,p-0107,hy-elantra,,2017,2023
f-00200,p-0107,ki-cerato,,2014,2021
f-00201,p-0108,su-swift,,2018,2023
f-00202,p-0108,su-vitara,,2016,2022
f-00203,p-0109,cv-captiva,,2008,2018
f-00204,p-0110,ty-hilux,,2016,2023
f-00205,p-0110,fo-ranger,,2016,2022
f-00206,p-0110,ni-frontier,,2010,2020
f-00207,p-0110,vw-amarok,,2011,2021
f-00208,p-0110,cv-dmax,,2006,2013
f-00209,p-0111,fo-escape,,2013,2019
f-00210,p-0112,ty-corolla,,2014,2019
f-00211,p-0112,ty-yaris,,2018,2023
f-00212,p-0113,rn-duster,,2012,2021
f-00213,p-0114,ty-prado,,2010,2020
f-00214,p-0115,fo-escape,,2013,2019
f-00215,p-0116,fo-fiesta,,2011,2016
f-00216,p-0117,hy-accent,,2012,2018
f-00217,p-0117,ki-rio,,2012,2017
f-00218,p-0118,cv-onix,,2017,2024
f-00219,p-0118,cv-tracker,,2020,2025
f-00220,p-0119,ty-prado,,2010,2020
f-00221,p-0120,ni-qashqai,,2018,2023
f-00222,p-0121,ni-versa,,2015,2020
f-00223,p-0121,ni-march,,2014,2021
f-00224,p-0122,rn-kwid,,2018,2024
f-00225,p-0123,su-swift,,2018,2023
f-00226,p-0123,su-vitara,,2016,2022
f-00227,p-0124,vw-gol,,2013,2018
f-00228,p-0124,vw-polo,,2018,2023
f-00229,p-0125,rn-duster,,2012,2021
f-00230,p-0126,ty-hilux,,2016,2023
f-00231,p-0126,fo-ranger,,2016,2022
f-00232,p-0126,ni-frontier,,2010,2020
f-00233,p-0126,vw-amarok,,2011,2021
f-00234,p-0126,cv-dmax,,2006,2013
f-00235,p-0127,cv-spark-gt,,2011,2017
f-00236,p-0127,cv-sail,,2013,2019
f-00237,p-0128,hy-tucson,,2016,2022
f-00238,p-0128,ki-sportage,,2016,2022
f-00239,p-0129,mz-3,,2015,2019
f-00240,p-0129,mz-2,,2016,2021
f-00241,p-0129,mz-cx5,,2017,2023
f-00242,p-0130,hy-i10,,2014,2020
f-00243,p-0130,ki-picanto,,2012,2020
f-00244,p-0131,ty-corolla,,2014,2019
f-00245,p-0131,ty-yaris,,2018,2023
f-00246,p-0132,hy-tucson,,2016,2022
f-00247,p-0132,ki-sportage,,2016,2022
f-00248,p-0133,fo-escape,,2013,2019
f-00249,p-0134,cv-captiva,,2008,2018
f-00250,p-0135,vw-gol,,2013,2018
f-00251,p-0135,vw-polo,,2018,2023
f-00252,p-0136,su-swift,,2018,2023
f-00253,p-0136,su-vitara,,2016,2022
f-00254,p-0137,rn-duster,,2012,2021
f-00255,p-0138,cv-onix,,2017,2024
f-00256,p-0138,cv-tracker,,2020,2025
f-00257,p-0139,cv-spark-gt,,2011,2017
f-00258,p-0139,cv-sail,,2013,2019
f-00259,p-0140,ty-corolla,,2014,2019
f-00260,p-0140,ty-yaris,,2018,2023
f-00261,p-0141,hy-elantra,,2017,2023
f-00262,p-0141,ki-cerato,,2014,2021
f-00263,p-0142,ni-versa,,2015,2020
f-00264,p-0142,ni-march,,2014,2021
f-00265,p-0143,rn-logan,,2014,2020
f-00266,p-0143,rn-sandero,,2015,2021
f-00267,p-0143,rn-stepway,,2016,2022
f-00268,p-0144,hy-i10,,2014,2020
f-00269,p-0144,ki-picanto,,2012,2020
f-00270,p-0145,fo-fiesta,,2011,2016
f-00271,p-0146,ni-qashqai,,2018,2023
f-00272,p-0147,ty-corolla,,2014,2019
f-00273,p-0147,ty-yaris,,2018,2023
f-00274,p-0148,fo-fiesta,,2011,2016
f-00275,p-0149,fo-escape,,2013,2019
f-00276,p-0150,ni-qashqai,,2018,2023
f-00277,p-0151,cv-onix,,2017,2024
f-00278,p-0151,cv-tracker,,2020,2025
f-00279,p-0152,hy-i10,,2014,2020
f-00280,p-0152,ki-picanto,,2012,2020
f-00281,p-0153,rn-logan,,2014,2020
f-00282,p-0153,rn-sandero,,2015,2021
f-00283,p-0153,rn-stepway,,2016,2022
f-00284,p-0154,ty-prado,,2010,2020
f-00285,p-0155,hy-tucson,,2016,2022
f-00286,p-0155,ki-sportage,,2016,2022
f-00287,p-0156,cv-captiva,,2008,2018
f-00288,p-0157,hy-elantra,,2017,2023
f-00289,p-0157,ki-cerato,,2014,2021
f-00290,p-0158,cv-onix,,2017,2024
f-00291,p-0158,cv-tracker,,2020,2025
f-00292,p-0159,rn-logan,,2014,2020
f-00293,p-0159,rn-sandero,,2015,2021
f-00294,p-0159,rn-stepway,,2016,2022
f-00295,p-0160,ty-hilux,,2016,2023
f-00296,p-0160,fo-ranger,,2016,2022
f-00297,p-0160,ni-frontier,,2010,2020
f-00298,p-0160,vw-amarok,,2011,2021
f-00299,p-0160,cv-dmax,,2006,2013
f-00300,p-0161,hy-accent,,2012,2018
f-00301,p-0161,ki-rio,,2012,2017
f-00302,p-0162,ni-qashqai,,2018,2023
f-00303,p-0163,ni-versa,,2015,2020
f-00304,p-0163,ni-march,,2014,2021
f-00305,p-0164,ty-corolla,,2014,2019
f-00306,p-0164,ty-yaris,,2018,2023
f-00307,p-0165,vw-gol,,2013,2018
f-00308,p-0165,vw-polo,,2018,2023
f-00309,p-0166,hy-i10,,2014,2020
f-00310,p-0166,ki-picanto,,2012,2020
f-00311,p-0167,su-swift,,2018,2023
f-00312,p-0167,su-vitara,,2016,2022
f-00313,p-0168,rn-kwid,,2018,2024
f-00314,p-0169,rn-duster,,2012,2021
f-00315,p-0170,fo-escape,,2013,2019
f-00316,p-0171,ty-corolla,,2014,2019
f-00317,p-0171,ty-yaris,,2018,2023
f-00318,p-0172,hy-accent,,2012,2018
f-00319,p-0172,ki-rio,,2012,2017
f-00320,p-0173,su-swift,,2018,2023
f-00321,p-0173,su-vitara,,2016,2022
f-00322,p-0174,ni-versa,,2015,2020
f-00323,p-0174,ni-march,,2014,2021
f-00324,p-0175,cv-captiva,,2008,2018
f-00325,p-0176,rn-kwid,,2018,2024
f-00326,p-0177,rn-logan,,2014,2020
f-00327,p-0177,rn-sandero,,2015,2021
f-00328,p-0177,rn-stepway,,2016,2022
f-00329,p-0178,mz-3,,2015,2019
f-00330,p-0178,mz-2,,2016,2021
f-00331,p-0178,mz-cx5,,2017,2023
f-00332,p-0179,hy-i10,,2014,2020
f-00333,p-0179,ki-picanto,,2012,2020
f-00334,p-0180,ty-hilux,,2016,2023
f-00335,p-0180,fo-ranger,,2016,2022
f-00336,p-0180,ni-frontier,,2010,2020
f-00337,p-0180,vw-amarok,,2011,2021
f-00338,p-0180,cv-dmax,,2006,2013
f-00339,p-0181,fo-escape,,2013,2019
f-00340,p-0182,ty-prado,,2010,2020
f-00341,p-0183,rn-duster,,2012,2021
f-00342,p-0184,vw-gol,,2013,2018
f-00343,p-0184,vw-polo,,2018,2023
f-00344,p-0185,hy-accent,,2012,2018
f-00345,p-0185,ki-rio,,2012,2017
f-00346,p-0186,fo-fiesta,,2011,2016
f-00347,p-0187,ty-corolla,,2014,2019
f-00348,p-0187,ty-yaris,,2018,2023
f-00349,p-0188,hy-i10,,2014,2020
f-00350,p-0188,ki-picanto,,2012,2020
f-00351,p-0189,ni-versa,,2015,2020
f-00352,p-0189,ni-march,,2014,2021
f-00353,p-0190,ni-qashqai,,2018,2023
f-00354,p-0191,ty-hilux,ty-hilux-2gd,2016,2023
f-00355,p-0191,ty-hilux,ty-hilux-1gd,2016,2023
f-00356,p-0191,fo-ranger,fo-ranger-puma32,2016,2022
f-00357,p-0191,fo-ranger,fo-ranger-puma22,2016,2022
f-00358,p-0191,ni-frontier,ni-frontier-yd25,2010,2020
f-00359,p-0191,ni-frontier,ni-frontier-qr25,2010,2020
f-00360,p-0191,vw-amarok,vw-amarok-tdi,2011,2021
f-00361,p-0191,cv-dmax,cv-dmax-4jj1,2006,2013
f-00362,p-0191,cv-dmax,cv-dmax-c24se,2006,2013
f-00363,p-0192,fo-escape,fo-escape-ecoboost,2013,2019
f-00364,p-0193,hy-tucson,hy-tucson-g4na,2016,2022
f-00365,p-0193,hy-tucson,hy-tucson-d4ha,2016,2022
f-00366,p-0193,ki-sportage,ki-sportage-g4na,2016,2022
f-00367,p-0193,ki-sportage,ki-sportage-d4ha,2016,2022
f-00368,p-0194,mz-3,mz-3-pevps,2015,2019
f-00369,p-0194,mz-2,mz-2-p5vps,2016,2021
f-00370,p-0194,mz-cx5,mz-cx5-pyvps,2017,2023
f-00371,p-0195,ty-prado,ty-prado-1gr,2010,2020
f-00372,p-0196,cv-captiva,cv-captiva-le9,2008,2018
f-00373,p-0197,rn-logan,rn-logan-k4m,2014,2020
f-00374,p-0197,rn-sandero,rn-sandero-k4m,2015,2019
f-00375,p-0197,rn-sandero,rn-sandero-h4m,2019,2021
f-00376,p-0197,rn-stepway,rn-stepway-h4m,2016,2022
f-00377,p-0198,vw-gol,vw-gol-ea111,2013,2018
f-00378,p-0198,vw-polo,vw-polo-ea211,2018,2023
f-00379,p-0199,cv-spark-gt,cv-spark-gt-b12d1,2011,2017
f-00380,p-0199,cv-sail,cv-sail-l2b,2013,2019
f-00381,p-0200,ni-qashqai,ni-qashqai-mr20,2018,2023
f-00382,p-0201,fo-fiesta,fo-fiesta-duratec,2011,2016
f-00383,p-0202,rn-duster,rn-duster-k4m,2012,2021
f-00384,p-0202,rn-duster,rn-duster-f4r,2012,2021
f-00385,p-0203,su-swift,su-swift-k12c,2018,2023
f-00386,p-0203,su-vitara,su-vitara-m16a,2016,2022
f-00387,p-0204,ty-corolla,ty-corolla-2zr,2014,2019
f-00388,p-0204,ty-yaris,ty-yaris-2nr,2018,2023
f-00389,p-0205,hy-accent,hy-accent-g4lc,2012,2018
f-00390,p-0205,hy-accent,hy-accent-g4fg,2012,2018
f-00391,p-0205,ki-rio,ki-rio-g4lc,2012,2017
f-00392,p-0206,cv-onix,cv-onix-lde,2017,2021
f-00393,p-0206,cv-onix,cv-onix-lih,2020,2024
f-00394,p-0206,cv-tracker,cv-tracker-lih,2020,2025
f-00395,p-0207,rn-kwid,rn-kwid-b4d,2018,2024
f-00396,p-0208,hy-elantra,hy-elantra-g4fg,2017,2023
f-00397,p-0208,hy-elantra,hy-elantra-g4nb,2017,2020
f-00398,p-0208,ki-cerato,ki-cerato-g4fg,2014,2021
f-00399,p-0209,ni-versa,ni-versa-hr16,2015,2020
f-00400,p-0209,ni-march,ni-march-hr16,2014,2021
f-00401,p-0210,mz-3,mz-3-pevps,2015,2019
f-00402,p-0210,mz-2,mz-2-p5vps,2016,2021
f-00403,p-0210,mz-cx5,mz-cx5-pyvps,2017,2023
f-00404,p-0211,cv-onix,cv-onix-lde,2017,2021
f-00405,p-0211,cv-onix,cv-onix-lih,2020,2024
f-00406,p-0211,cv-tracker,cv-tracker-lih,2020,2025
f-00407,p-0212,ty-prado,ty-prado-1gr,2010,2020
f-00408,p-0213,rn-kwid,rn-kwid-b4d,2018,2024
f-00409,p-0214,cv-captiva,cv-captiva-le9,2008,2018
f-00410,p-0215,ty-hilux,ty-hilux-2gd,2016,2023
f-00411,p-0215,ty-hilux,ty-hilux-1gd,2016,2023
f-00412,p-0215,fo-ranger,fo-ranger-puma32,2016,2022
f-00413,p-0215,fo-ranger,fo-ranger-puma22,2016,2022
f-00414,p-0215,ni-frontier,ni-frontier-yd25,2010,2020
f-00415,p-0215,ni-frontier,ni-frontier-qr25,2010,2020
f-00416,p-0215,vw-amarok,vw-amarok-tdi,2011,2021
f-00417,p-0215,cv-dmax,cv-dmax-4jj1,2006,2013
f-00418,p-0215,cv-dmax,cv-dmax-c24se,2006,2013
f-00419,p-0216,rn-duster,rn-duster-k4m,2012,2021
f-00420,p-0216,rn-duster,rn-duster-f4r,2012,2021
f-00421,p-0217,fo-fiesta,fo-fiesta-duratec,2011,2016
f-00422,p-0218,ty-corolla,ty-corolla-2zr,2014,2019
f-00423,p-0218,ty-yaris,ty-yaris-2nr,2018,2023
f-00424,p-0219,vw-gol,vw-gol-ea111,2013,2018
f-00425,p-0219,vw-polo,vw-polo-ea211,2018,2023
f-00426,p-0220,hy-i10,hy-i10-g4la,2014,2020
f-00427,p-0220,ki-picanto,ki-picanto-g4la,2012,2020
f-00428,p-0221,hy-accent,hy-accent-g4lc,2012,2018
f-00429,p-0221,hy-accent,hy-accent-g4fg,2012,2018
f-00430,p-0221,ki-rio,ki-rio-g4lc,2012,2017
f-00431,p-0222,su-swift,su-swift-k12c,2018,2023
f-00432,p-0222,su-vitara,su-vitara-m16a,2016,2022
f-00433,p-0223,hy-tucson,hy-tucson-g4na,2016,2022
f-00434,p-0223,hy-tucson,hy-tucson-d4ha,2016,2022
f-00435,p-0223,ki-sportage,ki-sportage-g4na,2016,2022
f-00436,p-0223,ki-sportage,ki-sportage-d4ha,2016,2022
f-00437,p-0224,ni-qashqai,ni-qashqai-mr20,2018,2023
f-00438,p-0225,cv-spark-gt,cv-spark-gt-b12d1,2011,2017
f-00439,p-0225,cv-sail,cv-sail-l2b,2013,2019
f-00440,p-0226,cv-spark-gt,cv-spark-gt-b12d1,2011,2017
f-00441,p-0226,cv-sail,cv-sail-l2b,2013,2019
f-00442,p-0227,hy-tucson,hy-tucson-g4na,2016,2022
f-00443,p-0227,hy-tucson,hy-tucson-d4ha,2016,2022
f-00444,p-0227,ki-sportage,ki-sportage-g4na,2016,2022
f-00445,p-0227,ki-sportage,ki-sportage-d4ha,2016,2022
f-00446,p-0228,hy-i10,hy-i10-g4la,2014,2020
f-00447,p-0228,ki-picanto,ki-picanto-g4la,2012,2020
f-00448,p-0229,su-swift,su-swift-k12c,2018,2023
f-00449,p-0229,su-vitara,su-vitara-m16a,2016,2022
f-00450,p-0230,ty-corolla,ty-corolla-2zr,2014,2019
f-00451,p-0230,ty-yaris,ty-yaris-2nr,2018,2023
f-00452,p-0231,ni-qashqai,ni-qashqai-mr20,2018,2023
f-00453,p-0232,rn-kwid,rn-kwid-b4d,2018,2024
f-00454,p-0233,cv-onix,cv-onix-lde,2017,2021
f-00455,p-0233,cv-onix,cv-onix-lih,2020,2024
f-00456,p-0233,cv-tracker,cv-tracker-lih,2020,2025
f-00457,p-0234,fo-escape,fo-escape-ecoboost,2013,2019
f-00458,p-0235,rn-duster,rn-duster-k4m,2012,2021
f-00459,p-0235,rn-duster,rn-duster-f4r,2012,2021
f-00460,p-0236,mz-3,mz-3-pevps,2015,2019
f-00461,p-0236,mz-2,mz-2-p5vps,2016,2021
f-00462,p-0236,mz-cx5,mz-cx5-pyvps,2017,2023
f-00463,p-0237,ni-versa,ni-versa-hr16,2015,2020
f-00464,p-0237,ni-march,ni-march-hr16,2014,2021
f-00465,p-0238,vw-gol,vw-gol-ea111,2013,2018
f-00466,p-0238,vw-polo,vw-polo-ea211,2018,2023
f-00467,p-0239,fo-fiesta,fo-fiesta-duratec,2011,2016
f-00468,p-0240,hy-i10,hy-i10-g4la,2014,2020
f-00469,p-0240,ki-picanto,ki-picanto-g4la,2012,2020
f-00470,p-0241,cv-onix,cv-onix-lde,2017,2021
f-00471,p-0241,cv-onix,cv-onix-lih,2020,2024
f-00472,p-0241,cv-tracker,cv-tracker-lih,2020,2025
f-00473,p-0242,hy-accent,hy-accent-g4lc,2012,2018
f-00474,p-0242,hy-accent,hy-accent-g4fg,2012,2018
f-00475,p-0242,ki-rio,ki-rio-g4lc,2012,2017
f-00476,p-0243,ty-prado,ty-prado-1gr,2010,2020
f-00477,p-0244,ty-corolla,ty-corolla-2zr,2014,2019
f-00478,p-0244,ty-yaris,ty-yaris-2nr,2018,2023
f-00479,p-0245,rn-kwid,rn-kwid-b4d,2018,2024
f-00480,p-0246,su-swift,su-swift-k12c,2018,2023
f-00481,p-0246,su-vitara,su-vitara-m16a,2016,2022
f-00482,p-0247,ty-hilux,ty-hilux-2gd,2016,2023
f-00483,p-0247,ty-hilux,ty-hilux-1gd,2016,2023
f-00484,p-0247,fo-ranger,fo-ranger-puma32,2016,2022
f-00485,p-0247,fo-ranger,fo-ranger-puma22,2016,2022
f-00486,p-0247,ni-frontier,ni-frontier-yd25,2010,2020
f-00487,p-0247,ni-frontier,ni-frontier-qr25,2010,2020
f-00488,p-0247,vw-amarok,vw-amarok-tdi,2011,2021
f-00489,p-0247,cv-dmax,cv-dmax-4jj1,2006,2013
f-00490,p-0247,cv-dmax,cv-dmax-c24se,2006,2013
f-00491,p-0248,rn-logan,rn-logan-k4m,2014,2020
f-00492,p-0248,rn-sandero,rn-sandero-k4m,2015,2019
f-00493,p-0248,rn-sandero,rn-sandero-h4m,2019,2021
f-00494,p-0248,rn-stepway,rn-stepway-h4m,2016,2022
f-00495,p-0249,rn-duster,rn-duster-k4m,2012,2021
f-00496,p-0249,rn-duster,rn-duster-f4r,2012,2021
f-00497,p-0250,vw-gol,vw-gol-ea111,2013,2018
f-00498,p-0250,vw-polo,vw-polo-ea211,2018,2023
f-00499,p-0251,fo-fiesta,fo-fiesta-duratec,2011,2016
f-00500,p-0252,hy-accent,hy-accent-g4lc,2012,2018
f-00501,p-0252,hy-accent,hy-accent-g4fg,2012,2018
f-00502,p-0252,ki-rio,ki-rio-g4lc,2012,2017
f-00503,p-0253,ni-qashqai,ni-qashqai-mr20,2018,2023
f-00504,p-0254,cv-onix,cv-onix-lde,2017,2021
f-00505,p-0254,cv-onix,cv-onix-lih,2020,2024
f-00506,p-0254,cv-tracker,cv-tracker-lih,2020,2025
f-00507,p-0255,rn-logan,rn-logan-k4m,2014,2020
f-00508,p-0255,rn-sandero,rn-sandero-k4m,2015,2019
f-00509,p-0255,rn-sandero,rn-sandero-h4m,2019,2021
f-00510,p-0255,rn-stepway,rn-stepway-h4m,2016,2022
f-00511,p-0256,ty-prado,ty-prado-1gr,2010,2020
f-00512,p-0257,mz-3,mz-3-pevps,2015,2019
f-00513,p-0257,mz-2,mz-2-p5vps,2016,2021
f-00514,p-0257,mz-cx5,mz-cx5-pyvps,2017,2023
f-00515,p-0258,hy-tucson,hy-tucson-g4na,2016,2022
f-00516,p-0258,hy-tucson,hy-tucson-d4ha,2016,2022
f-00517,p-0258,ki-sportage,ki-sportage-g4na,2016,2022
f-00518,p-0258,ki-sportage,ki-sportage-d4ha,2016,2022
f-00519,p-0259,hy-elantra,hy-elantra-g4fg,2017,2023
f-00520,p-0259,hy-elantra,hy-elantra-g4nb,2017,2020
f-00521,p-0259,ki-cerato,ki-cerato-g4fg,2014,2021
f-00522,p-0260,ni-versa,ni-versa-hr16,2015,2020
f-00523,p-0260,ni-march,ni-march-hr16,2014,2021
f-00524,p-0261,hy-i10,hy-i10-g4la,2014,2020
f-00525,p-0261,ki-picanto,ki-picanto-g4la,2012,2020
f-00526,p-0262,cv-captiva,cv-captiva-le9,2008,2018
f-00527,p-0263,rn-duster,rn-duster-k4m,2012,2021
f-00528,p-0263,rn-duster,rn-duster-f4r,2012,2021
f-00529,p-0264,su-swift,su-swift-k12c,2018,2023
f-00530,p-0264,su-vitara,su-vitara-m16a,2016,2022
f-00531,p-0265,ty-prado,ty-prado-1gr,2010,2020
f-00532,p-0266,hy-i10,hy-i10-g4la,2014,2020
f-00533,p-0266,ki-picanto,ki-picanto-g4la,2012,2020
f-00534,p-0267,fo-fiesta,fo-fiesta-duratec,2011,2016
f-00535,p-0268,hy-elantra,hy-elantra-g4fg,2017,2023
f-00536,p-0268,hy-elantra,hy-elantra-g4nb,2017,2020
f-00537,p-0268,ki-cerato,ki-cerato-g4fg,2014,2021
f-00538,p-0269,ni-versa,ni-versa-hr16,2015,2020
f-00539,p-0269,ni-march,ni-march-hr16,2014,2021
f-00540,p-0270,vw-gol,vw-gol-ea111,2013,2018
f-00541,p-0270,vw-polo,vw-polo-ea211,2018,2023
f-00542,p-0271,cv-onix,cv-onix-lde,2017,2021
f-00543,p-0271,cv-onix,cv-onix-lih,2020,2024
f-00544,p-0271,cv-tracker,cv-tracker-lih,2020,2025
f-00545,p-0272,rn-kwid,rn-kwid-b4d,2018,2024
f-00546,p-0273,rn-duster,rn-duster-k4m,2012,2021
f-00547,p-0273,rn-duster,rn-duster-f4r,2012,2021
f-00548,p-0274,hy-i10,hy-i10-g4la,2014,2020
f-00549,p-0274,ki-picanto,ki-picanto-g4la,2012,2020
f-00550,p-0275,vw-gol,vw-gol-ea111,2013,2018
f-00551,p-0275,vw-polo,vw-polo-ea211,2018,2023
f-00552,p-0276,ni-qashqai,ni-qashqai-mr20,2018,2023
f-00553,p-0277,rn-kwid,rn-kwid-b4d,2018,2024
f-00554,p-0278,fo-escape,fo-escape-ecoboost,2013,2019
f-00555,p-0279,ni-versa,ni-versa-hr16,2015,2020
f-00556,p-0279,ni-march,ni-march-hr16,2014,2021
f-00557,p-0280,cv-onix,cv-onix-lde,2017,2021
f-00558,p-0280,cv-onix,cv-onix-lih,2020,2024
f-00559,p-0280,cv-tracker,cv-tracker-lih,2020,2025
f-00560,p-0281,ty-hilux,ty-hilux-2gd,2016,2023
f-00561,p-0281,ty-hilux,ty-hilux-1gd,2016,2023
f-00562,p-0281,fo-ranger,fo-ranger-puma32,2016,2022
f-00563,p-0281,fo-ranger,fo-ranger-puma22,2016,2022
f-00564,p-0281,ni-frontier,ni-frontier-yd25,2010,2020
f-00565,p-0281,ni-frontier,ni-frontier-qr25,2010,2020
f-00566,p-0281,vw-amarok,vw-amarok-tdi,2011,2021
f-00567,p-0281,cv-dmax,cv-dmax-4jj1,2006,2013
f-00568,p-0281,cv-dmax,cv-dmax-c24se,2006,2013
f-00569,p-0282,ty-corolla,ty-corolla-2zr,2014,2019
f-00570,p-0282,ty-yaris,ty-yaris-2nr,2018,2023
f-00571,p-0283,rn-logan,rn-logan-k4m,2014,2020
f-00572,p-0283,rn-sandero,rn-sandero-k4m,2015,2019
f-00573,p-0283,rn-sandero,rn-sandero-h4m,2019,2021
f-00574,p-0283,rn-stepway,rn-stepway-h4m,2016,2022
f-00575,p-0284,mz-3,mz-3-pevps,2015,2019
f-00576,p-0284,mz-2,mz-2-p5vps,2016,2021
f-00577,p-0284,mz-cx5,mz-cx5-pyvps,2017,2023
f-00578,p-0285,rn-kwid,rn-kwid-b4d,2018,2024
f-00579,p-0286,cv-captiva,cv-captiva-le9,2008,2018
f-00580,p-0287,hy-i10,hy-i10-g4la,2014,2020
f-00581,p-0287,ki-picanto,ki-picanto-g4la,2012,2020
f-00582,p-0288,fo-fiesta,fo-fiesta-duratec,2011,2016
f-00583,p-0289,su-swift,su-swift-k12c,2018,2023
f-00584,p-0289,su-vitara,su-vitara-m16a,2016,2022
f-00585,p-0290,cv-onix,cv-onix-lde,2017,2021
f-00586,p-0290,cv-onix,cv-onix-lih,2020,2024
f-00587,p-0290,cv-tracker,cv-tracker-lih,2020,2025
f-00588,p-0291,ty-hilux,ty-hilux-2gd,2016,2023
f-00589,p-0291,ty-hilux,ty-hilux-1gd,2016,2023
f-00590,p-0291,fo-ranger,fo-ranger-puma32,2016,2022
f-00591,p-0291,fo-ranger,fo-ranger-puma22,2016,2022
f-00592,p-0291,ni-frontier,ni-frontier-yd25,2010,2020
f-00593,p-0291,ni-frontier,ni-frontier-qr25,2010,2020
f-00594,p-0291,vw-amarok,vw-amarok-tdi,2011,2021
f-00595,p-0291,cv-dmax,cv-dmax-4jj1,2006,2013
f-00596,p-0291,cv-dmax,cv-dmax-c24se,2006,2013
f-00597,p-0292,mz-3,mz-3-pevps,2015,2019
f-00598,p-0292,mz-2,mz-2-p5vps,2016,2021
f-00599,p-0292,mz-cx5,mz-cx5-pyvps,2017,2023
f-00600,p-0293,fo-escape,fo-escape-ecoboost,2013,2019
f-00601,p-0294,vw-gol,vw-gol-ea111,2013,2018
f-00602,p-0294,vw-polo,vw-polo-ea211,2018,2023
f-00603,p-0295,cv-spark-gt,cv-spark-gt-b12d1,2011,2017
f-00604,p-0295,cv-sail,cv-sail-l2b,2013,2019
f-00605,p-0296,rn-logan,rn-logan-k4m,2014,2020
f-00606,p-0296,rn-sandero,rn-sandero-k4m,2015,2019
f-00607,p-0296,rn-sandero,rn-sandero-h4m,2019,2021
f-00608,p-0296,rn-stepway,rn-stepway-h4m,2016,2022
f-00609,p-0297,hy-elantra,hy-elantra-g4fg,2017,2023
f-00610,p-0297,hy-elantra,hy-elantra-g4nb,2017,2020
f-00611,p-0297,ki-cerato,ki-cerato-g4fg,2014,2021
f-00612,p-0298,fo-escape,fo-escape-ecoboost,2013,2019
f-00613,p-0299,hy-accent,hy-accent-g4lc,2012,2018
f-00614,p-0299,hy-accent,hy-accent-g4fg,2012,2018
f-00615,p-0299,ki-rio,ki-rio-g4lc,2012,2017
f-00616,p-0300,fo-fiesta,fo-fiesta-duratec,2011,2016
f-00617,p-0301,hy-i10,hy-i10-g4la,2014,2020
f-00618,p-0301,ki-picanto,ki-picanto-g4la,2012,2020
f-00619,p-0302,hy-tucson,hy-tucson-g4na,2016,2022
f-00620,p-0302,hy-tucson,hy-tucson-d4ha,2016,2022
f-00621,p-0302,ki-sportage,ki-sportage-g4na,2016,2022
f-00622,p-0302,ki-sportage,ki-sportage-d4ha,2016,2022
f-00623,p-0303,cv-captiva,cv-captiva-le9,2008,2018
f-00624,p-0304,rn-duster,rn-duster-k4m,2012,2021
f-00625,p-0304,rn-duster,rn-duster-f4r,2012,2021
f-00626,p-0305,ni-qashqai,ni-qashqai-mr20,2018,2023
f-00627,p-0306,cv-onix,cv-onix-lde,2017,2021
f-00628,p-0306,cv-onix,cv-onix-lih,2020,2024
f-00629,p-0306,cv-tracker,cv-tracker-lih,2020,2025
f-00630,p-0307,rn-kwid,rn-kwid-b4d,2018,2024
f-00631,p-0308,ty-corolla,ty-corolla-2zr,2014,2019
f-00632,p-0308,ty-yaris,ty-yaris-2nr,2018,2023
f-00633,p-0309,cv-spark-gt,cv-spark-gt-b12d1,2011,2017
f-00634,p-0309,cv-sail,cv-sail-l2b,2013,2019
f-00635,p-0310,ty-hilux,ty-hilux-2gd,2016,2023
f-00636,p-0310,ty-hilux,ty-hilux-1gd,2016,2023
f-00637,p-0310,fo-ranger,fo-ranger-puma32,2016,2022
f-00638,p-0310,fo-ranger,fo-ranger-puma22,2016,2022
f-00639,p-0310,ni-frontier,ni-frontier-yd25,2010,2020
f-00640,p-0310,ni-frontier,ni-frontier-qr25,2010,2020
f-00641,p-0310,vw-amarok,vw-amarok-tdi,2011,2021
f-00642,p-0310,cv-dmax,cv-dmax-4jj1,2006,2013
f-00643,p-0310,cv-dmax,cv-dmax-c24se,2006,2013
f-00644,p-0311,hy-tucson,hy-tucson-g4na,2016,2022
f-00645,p-0311,hy-tucson,hy-tucson-d4ha,2016,2022
f-00646,p-0311,ki-sportage,ki-sportage-g4na,2016,2022
f-00647,p-0311,ki-sportage,ki-sportage-d4ha,2016,2022
f-00648,p-0312,cv-spark-gt,cv-spark-gt-b12d1,2011,2017
f-00649,p-0312,cv-sail,cv-sail-l2b,2013,2019
f-00650,p-0313,hy-elantra,hy-elantra-g4fg,2017,2023
f-00651,p-0313,hy-elantra,hy-elantra-g4nb,2017,2020
f-00652,p-0313,ki-cerato,ki-cerato-g4fg,2014,2021
f-00653,p-0314,cv-onix,cv-onix-lde,2017,2021
f-00654,p-0314,cv-onix,cv-onix-lih,2020,2024
f-00655,p-0314,cv-tracker,cv-tracker-lih,2020,2025
f-00656,p-0315,ty-corolla,ty-corolla-2zr,2014,2019
f-00657,p-0315,ty-yaris,ty-yaris-2nr,2018,2023
f-00658,p-0316,rn-logan,rn-logan-k4m,2014,2020
f-00659,p-0316,rn-sandero,rn-sandero-k4m,2015,2019
f-00660,p-0316,rn-sandero,rn-sandero-h4m,2019,2021
f-00661,p-0316,rn-stepway,rn-stepway-h4m,2016,2022
f-00662,p-0317,ni-qashqai,ni-qashqai-mr20,2018,2023
f-00663,p-0318,fo-fiesta,fo-fiesta-duratec,2011,2016
f-00664,p-0319,hy-accent,hy-accent-g4lc,2012,2018
f-00665,p-0319,hy-accent,hy-accent-g4fg,2012,2018
f-00666,p-0319,ki-rio,ki-rio-g4lc,2012,2017
f-00667,p-0320,fo-escape,fo-escape-ecoboost,2013,2019
f-00668,p-0321,ty-hilux,ty-hilux-2gd,2016,2023
f-00669,p-0321,ty-hilux,ty-hilux-1gd,2016,2023
f-00670,p-0321,fo-ranger,fo-ranger-puma32,2016,2022
f-00671,p-0321,fo-ranger,fo-ranger-puma22,2016,2022
f-00672,p-0321,ni-frontier,ni-frontier-yd25,2010,2020
f-00673,p-0321,ni-frontier,ni-frontier-qr25,2010,2020
f-00674,p-0321,vw-amarok,vw-amarok-tdi,2011,2021
f-00675,p-0321,cv-dmax,cv-dmax-4jj1,2006,2013
f-00676,p-0321,cv-dmax,cv-dmax-c24se,2006,2013
f-00677,p-0322,hy-i10,hy-i10-g4la,2014,2020
f-00678,p-0322,ki-picanto,ki-picanto-g4la,2012,2020
f-00679,p-0323,hy-elantra,hy-elantra-g4fg,2017,2023
f-00680,p-0323,hy-elantra,hy-elantra-g4nb,2017,2020
f-00681,p-0323,ki-cerato,ki-cerato-g4fg,2014,2021
f-00682,p-0324,ty-prado,ty-prado-1gr,2010,2020
f-00683,p-0325,cv-spark-gt,cv-spark-gt-b12d1,2011,2017
f-00684,p-0325,cv-sail,cv-sail-l2b,2013,2019
f-00685,p-0326,ty-corolla,ty-corolla-2zr,2014,2019
f-00686,p-0326,ty-yaris,ty-yaris-2nr,2018,2023
f-00687,p-0327,ni-versa,ni-versa-hr16,2015,2020
f-00688,p-0327,ni-march,ni-march-hr16,2014,2021
f-00689,p-0328,ni-qashqai,ni-qashqai-mr20,2018,2023
f-00690,p-0329,rn-duster,rn-duster-k4m,2012,2021
f-00691,p-0329,rn-duster,rn-duster-f4r,2012,2021
f-00692,p-0330,fo-fiesta,fo-fiesta-duratec,2011,2016
f-00693,p-0331,mz-3,mz-3-pevps,2015,2019
f-00694,p-0331,mz-2,mz-2-p5vps,2016,2021
f-00695,p-0331,mz-cx5,mz-cx5-pyvps,2017,2023
f-00696,p-0332,hy-tucson,hy-tucson-g4na,2016,2022
f-00697,p-0332,hy-tucson,hy-tucson-d4ha,2016,2022
f-00698,p-0332,ki-sportage,ki-sportage-g4na,2016,2022
f-00699,p-0332,ki-sportage,ki-sportage-d4ha,2016,2022
f-00700,p-0333,ty-hilux,ty-hilux-2gd,2016,2023
f-00701,p-0333,ty-hilux,ty-hilux-1gd,2016,2023
f-00702,p-0333,fo-ranger,fo-ranger-puma32,2016,2022
f-00703,p-0333,fo-ranger,fo-ranger-puma22,2016,2022
f-00704,p-0333,ni-frontier,ni-frontier-yd25,2010,2020
f-00705,p-0333,ni-frontier,ni-frontier-qr25,2010,2020
f-00706,p-0333,vw-amarok,vw-amarok-tdi,2011,2021
f-00707,p-0333,cv-dmax,cv-dmax-4jj1,2006,2013
f-00708,p-0333,cv-dmax,cv-dmax-c24se,2006,2013
f-00709,p-0334,fo-escape,fo-escape-ecoboost,2013,2019
f-00710,p-0335,hy-elantra,hy-elantra-g4fg,2017,2023
f-00711,p-0335,hy-elantra,hy-elantra-g4nb,2017,2020
f-00712,p-0335,ki-cerato,ki-cerato-g4fg,2014,2021
f-00713,p-0336,cv-spark-gt,cv-spark-gt-b12d1,2011,2017
f-00714,p-0336,cv-sail,cv-sail-l2b,2013,2019
f-00715,p-0337,ni-qashqai,ni-qashqai-mr20,2018,2023
f-00716,p-0338,ty-hilux,ty-hilux-2gd,2016,2023
f-00717,p-0338,ty-hilux,ty-hilux-1gd,2016,2023
f-00718,p-0338,fo-ranger,fo-ranger-puma32,2016,2022
f-00719,p-0338,fo-ranger,fo-ranger-puma22,2016,2022
f-00720,p-0338,ni-frontier,ni-frontier-yd25,2010,2020
f-00721,p-0338,ni-frontier,ni-frontier-qr25,2010,2020
f-00722,p-0338,vw-amarok,vw-amarok-tdi,2011,2021
f-00723,p-0338,cv-dmax,cv-dmax-4jj1,2006,2013
f-00724,p-0338,cv-dmax,cv-dmax-c24se,2006,2013
f-00725,p-0339,hy-i10,hy-i10-g4la,2014,2020
f-00726,p-0339,ki-picanto,ki-picanto-g4la,2012,2020
f-00727,p-0340,hy-tucson,,2016,2022
f-00728,p-0340,ki-sportage,,2016,2022
f-00729,p-0341,cv-captiva,,2008,2018
f-00730,p-0342,cv-spark-gt,,2011,2017
f-00731,p-0342,cv-sail,,2013,2019
f-00732,p-0343,rn-logan,,2014,2020
f-00733,p-0343,rn-sandero,,2015,2021
f-00734,p-0343,rn-stepway,,2016,2022
f-00735,p-0344,ni-qashqai,,2018,2023
f-00736,p-0345,ni-versa,,2015,2020
f-00737,p-0345,ni-march,,2014,2021
f-00738,p-0346,mz-3,,2015,2019
f-00739,p-0346,mz-2,,2016,2021
f-00740,p-0346,mz-cx5,,2017,2023
f-00741,p-0347,su-swift,,2018,2023
f-00742,p-0347,su-vitara,,2016,2022
f-00743,p-0348,hy-accent,,2012,2018
f-00744,p-0348,ki-rio,,2012,2017
f-00745,p-0349,rn-kwid,,2018,2024
f-00746,p-0350,hy-elantra,,2017,2023
f-00747,p-0350,ki-cerato,,2014,2021
f-00748,p-0351,fo-escape,,2013,2019
f-00749,p-0352,cv-onix,,2017,2024
f-00750,p-0352,cv-tracker,,2020,2025
f-00751,p-0353,ty-hilux,,2016,2023
f-00752,p-0353,fo-ranger,,2016,2022
f-00753,p-0353,ni-frontier,,2010,2020
f-00754,p-0353,vw-amarok,,2011,2021
f-00755,p-0353,cv-dmax,,2006,2013
f-00756,p-0354,fo-escape,fo-escape-ecoboost,2013,2019
f-00757,p-0355,ty-hilux,ty-hilux-2gd,2016,2023
f-00758,p-0355,ty-hilux,ty-hilux-1gd,2016,2023
f-00759,p-0355,fo-ranger,fo-ranger-puma32,2016,2022
f-00760,p-0355,fo-ranger,fo-ranger-puma22,2016,2022
f-00761,p-0355,ni-frontier,ni-frontier-yd25,2010,2020
f-00762,p-0355,ni-frontier,ni-frontier-qr25,2010,2020
f-00763,p-0355,vw-amarok,vw-amarok-tdi,2011,2021
f-00764,p-0355,cv-dmax,cv-dmax-4jj1,2006,2013
f-00765,p-0355,cv-dmax,cv-dmax-c24se,2006,2013
f-00766,p-0356,ty-prado,ty-prado-1gr,2010,2020
f-00767,p-0357,ni-versa,ni-versa-hr16,2015,2020
f-00768,p-0357,ni-march,ni-march-hr16,2014,2021
f-00769,p-0358,hy-i10,hy-i10-g4la,2014,2020
f-00770,p-0358,ki-picanto,ki-picanto-g4la,2012,2020
f-00771,p-0359,rn-duster,rn-duster-k4m,2012,2021
f-00772,p-0359,rn-duster,rn-duster-f4r,2012,2021
f-00773,p-0360,rn-kwid,rn-kwid-b4d,2018,2024
f-00774,p-0361,hy-elantra,hy-elantra-g4fg,2017,2023
f-00775,p-0361,hy-elantra,hy-elantra-g4nb,2017,2020
f-00776,p-0361,ki-cerato,ki-cerato-g4fg,2014,2021
f-00777,p-0362,rn-logan,rn-logan-k4m,2014,2020
f-00778,p-0362,rn-sandero,rn-sandero-k4m,2015,2019
f-00779,p-0362,rn-sandero,rn-sandero-h4m,2019,2021
f-00780,p-0362,rn-stepway,rn-stepway-h4m,2016,2022
f-00781,p-0363,hy-accent,hy-accent-g4lc,2012,2018
f-00782,p-0363,hy-accent,hy-accent-g4fg,2012,2018
f-00783,p-0363,ki-rio,ki-rio-g4lc,2012,2017
f-00784,p-0364,su-swift,su-swift-k12c,2018,2023
f-00785,p-0364,su-vitara,su-vitara-m16a,2016,2022
f-00786,p-0365,cv-onix,cv-onix-lde,2017,2021
f-00787,p-0365,cv-onix,cv-onix-lih,2020,2024
f-00788,p-0365,cv-tracker,cv-tracker-lih,2020,2025
f-00789,p-0366,cv-spark-gt,cv-spark-gt-b12d1,2011,2017
f-00790,p-0366,cv-sail,cv-sail-l2b,2013,2019
f-00791,p-0367,rn-kwid,rn-kwid-b4d,2018,2024
f-00792,p-0368,ni-versa,ni-versa-hr16,2015,2020
f-00793,p-0368,ni-march,ni-march-hr16,2014,2021
f-00794,p-0369,hy-tucson,hy-tucson-g4na,2016,2022
f-00795,p-0369,hy-tucson,hy-tucson-d4ha,2016,2022
f-00796,p-0369,ki-sportage,ki-sportage-g4na,2016,2022
f-00797,p-0369,ki-sportage,ki-sportage-d4ha,2016,2022
f-00798,p-0370,hy-elantra,hy-elantra-g4fg,2017,2023
f-00799,p-0370,hy-elantra,hy-elantra-g4nb,2017,2020
f-00800,p-0370,ki-cerato,ki-cerato-g4fg,2014,2021
f-00801,p-0371,rn-duster,rn-duster-k4m,2012,2021
f-00802,p-0371,rn-duster,rn-duster-f4r,2012,2021
f-00803,p-0372,ni-qashqai,ni-qashqai-mr20,2018,2023
f-00804,p-0373,fo-fiesta,fo-fiesta-duratec,2011,2016
f-00805,p-0374,hy-i10,hy-i10-g4la,2014,2020
f-00806,p-0374,ki-picanto,ki-picanto-g4la,2012,2020
f-00807,p-0375,mz-3,mz-3-pevps,2015,2019
f-00808,p-0375,mz-2,mz-2-p5vps,2016,2021
f-00809,p-0375,mz-cx5,mz-cx5-pyvps,2017,2023
f-00810,p-0376,vw-gol,vw-gol-ea111,2013,2018
f-00811,p-0376,vw-polo,vw-polo-ea211,2018,2023
f-00812,p-0377,ty-hilux,ty-hilux-2gd,2016,2023
f-00813,p-0377,ty-hilux,ty-hilux-1gd,2016,2023
f-00814,p-0377,fo-ranger,fo-ranger-puma32,2016,2022
f-00815,p-0377,fo-ranger,fo-ranger-puma22,2016,2022
f-00816,p-0377,ni-frontier,ni-frontier-yd25,2010,2020
f-00817,p-0377,ni-frontier,ni-frontier-qr25,2010,2020
f-00818,p-0377,vw-amarok,vw-amarok-tdi,2011,2021
f-00819,p-0377,cv-dmax,cv-dmax-4jj1,2006,2013
f-00820,p-0377,cv-dmax,cv-dmax-c24se,2006,2013
f-00821,p-0378,ty-corolla,ty-corolla-2zr,2014,2019
f-00822,p-0378,ty-yaris,ty-yaris-2nr,2018,2023
f-00823,p-0379,ty-prado,ty-prado-1gr,2010,2020
f-00824,p-0380,cv-captiva,cv-captiva-le9,2008,2018
f-00825,p-0381,cv-spark-gt,cv-spark-gt-b12d1,2011,2017
f-00826,p-0381,cv-sail,cv-sail-l2b,2013,2019
f-00827,p-0382,rn-logan,rn-logan-k4m,2014,2020
f-00828,p-0382,rn-sandero,rn-sandero-k4m,2015,2019
f-00829,p-0382,rn-sandero,rn-sandero-h4m,2019,2021
f-00830,p-0382,rn-stepway,rn-stepway-h4m,2016,2022
f-00831,p-0383,ni-versa,ni-versa-hr16,2015,2020
f-00832,p-0383,ni-march,ni-march-hr16,2014,2021
f-00833,p-0384,ty-corolla,ty-corolla-2zr,2014,2019
f-00834,p-0384,ty-yaris,ty-yaris-2nr,2018,2023
f-00835,p-0385,hy-tucson,hy-tucson-g4na,2016,2022
f-00836,p-0385,hy-tucson,hy-tucson-d4ha,2016,2022
f-00837,p-0385,ki-sportage,ki-sportage-g4na,2016,2022
f-00838,p-0385,ki-sportage,ki-sportage-d4ha,2016,2022
f-00839,p-0386,rn-duster,rn-duster-k4m,2012,2021
f-00840,p-0386,rn-duster,rn-duster-f4r,2012,2021
f-00841,p-0387,mz-3,mz-3-pevps,2015,2019
f-00842,p-0387,mz-2,mz-2-p5vps,2016,2021
f-00843,p-0387,mz-cx5,mz-cx5-pyvps,2017,2023
f-00844,p-0388,vw-gol,vw-gol-ea111,2013,2018
f-00845,p-0388,vw-polo,vw-polo-ea211,2018,2023
f-00846,p-0389,hy-accent,hy-accent-g4lc,2012,2018
f-00847,p-0389,hy-accent,hy-accent-g4fg,2012,2018
f-00848,p-0389,ki-rio,ki-rio-g4lc,2012,2017
f-00849,p-0390,ni-qashqai,ni-qashqai-mr20,2018,2023
f-00850,p-0391,cv-spark-gt,cv-spark-gt-b12d1,2011,2017
f-00851,p-0391,cv-sail,cv-sail-l2b,2013,2019
f-00852,p-0392,rn-duster,rn-duster-k4m,2012,2021
f-00853,p-0392,rn-duster,rn-duster-f4r,2012,2021
f-00854,p-0393,cv-captiva,cv-captiva-le9,2008,2018
f-00855,p-0394,cv-onix,cv-onix-lde,2017,2021
f-00856,p-0394,cv-onix,cv-onix-lih,2020,2024
f-00857,p-0394,cv-tracker,cv-tracker-lih,2020,2025
f-00858,p-0395,vw-gol,vw-gol-ea111,2013,2018
f-00859,p-0395,vw-polo,vw-polo-ea211,2018,2023
f-00860,p-0396,hy-i10,hy-i10-g4la,2014,2020
f-00861,p-0396,ki-picanto,ki-picanto-g4la,2012,2020
f-00862,p-0397,fo-fiesta,fo-fiesta-duratec,2011,2016
f-00863,p-0398,su-swift,su-swift-k12c,2018,2023
f-00864,p-0398,su-vitara,su-vitara-m16a,2016,2022
f-00865,p-0399,mz-3,mz-3-pevps,2015,2019
f-00866,p-0399,mz-2,mz-2-p5vps,2016,2021
f-00867,p-0399,mz-cx5,mz-cx5-pyvps,2017,2023
f-00868,p-0400,ni-qashqai,ni-qashqai-mr20,2018,2023
f-00869,p-0401,ty-corolla,ty-corolla-2zr,2014,2019
f-00870,p-0401,ty-yaris,ty-yaris-2nr,2018,2023
f-00871,p-0402,ty-hilux,ty-hilux-2gd,2016,2023
f-00872,p-0402,ty-hilux,ty-hilux-1gd,2016,2023
f-00873,p-0402,fo-ranger,fo-ranger-puma32,2016,2022
f-00874,p-0402,fo-ranger,fo-ranger-puma22,2016,2022
f-00875,p-0402,ni-frontier,ni-frontier-yd25,2010,2020
f-00876,p-0402,ni-frontier,ni-frontier-qr25,2010,2020
f-00877,p-0402,vw-amarok,vw-amarok-tdi,2011,2021
f-00878,p-0402,cv-dmax,cv-dmax-4jj1,2006,2013
f-00879,p-0402,cv-dmax,cv-dmax-c24se,2006,2013
f-00880,p-0403,fo-escape,fo-escape-ecoboost,2013,2019
f-00881,p-0404,hy-i10,,2014,2020
f-00882,p-0404,ki-picanto,,2012,2020
f-00883,p-0405,vw-gol,,2013,2018
f-00884,p-0405,vw-polo,,2018,2023
f-00885,p-0406,hy-elantra,,2017,2023
f-00886,p-0406,ki-cerato,,2014,2021
f-00887,p-0407,rn-kwid,,2018,2024
f-00888,p-0408,ty-prado,,2010,2020
f-00889,p-0409,ty-hilux,,2016,2023
f-00890,p-0409,fo-ranger,,2016,2022
f-00891,p-0409,ni-frontier,,2010,2020
f-00892,p-0409,vw-amarok,,2011,2021
f-00893,p-0409,cv-dmax,,2006,2013
f-00894,p-0410,hy-tucson,,2016,2022
f-00895,p-0410,ki-sportage,,2016,2022
f-00896,p-0411,cv-spark-gt,,2011,2017
f-00897,p-0411,cv-sail,,2013,2019
f-00898,p-0412,hy-accent,,2012,2018
f-00899,p-0412,ki-rio,,2012,2017
f-00900,p-0413,fo-escape,,2013,2019
f-00901,p-0414,cv-captiva,,2008,2018
f-00902,p-0415,ty-corolla,,2014,2019
f-00903,p-0415,ty-yaris,,2018,2023
f-00904,p-0416,fo-fiesta,,2011,2016
f-00905,p-0417,su-swift,,2018,2023
f-00906,p-0417,su-vitara,,2016,2022
f-00907,p-0418,mz-3,,2015,2019
f-00908,p-0418,mz-2,,2016,2021
f-00909,p-0418,mz-cx5,,2017,2023
f-00910,p-0419,vw-gol,,2013,2018
f-00911,p-0419,vw-polo,,2018,2023
f-00912,p-0420,ni-versa,,2015,2020
f-00913,p-0420,ni-march,,2014,2021
f-00914,p-0421,fo-escape,,2013,2019
f-00915,p-0422,hy-i10,,2014,2020
f-00916,p-0422,ki-picanto,,2012,2020
f-00917,p-0423,ty-corolla,,2014,2019
f-00918,p-0423,ty-yaris,,2018,2023
f-00919,p-0424,cv-onix,,2017,2024
f-00920,p-0424,cv-tracker,,2020,2025
f-00921,p-0425,cv-spark-gt,,2011,2017
f-00922,p-0425,cv-sail,,2013,2019
f-00923,p-0426,rn-logan,,2014,2020
f-00924,p-0426,rn-sandero,,2015,2021
f-00925,p-0426,rn-stepway,,2016,2022
f-00926,p-0427,fo-escape,,2013,2019
f-00927,p-0428,ty-hilux,,2016,2023
f-00928,p-0428,fo-ranger,,2016,2022
f-00929,p-0428,ni-frontier,,2010,2020
f-00930,p-0428,vw-amarok,,2011,2021
f-00931,p-0428,cv-dmax,,2006,2013
f-00932,p-0429,ty-corolla,,2014,2019
f-00933,p-0429,ty-yaris,,2018,2023
f-00934,p-0430,hy-tucson,,2016,2022
f-00935,p-0430,ki-sportage,,2016,2022
f-00936,p-0431,rn-kwid,,2018,2024
f-00937,p-0432,mz-3,,2015,2019
f-00938,p-0432,mz-2,,2016,2021
f-00939,p-0432,mz-cx5,,2017,2023
f-00940,p-0433,rn-duster,,2012,2021
f-00941,p-0434,cv-onix,,2017,2024
f-00942,p-0434,cv-tracker,,2020,2025
f-00943,p-0435,fo-fiesta,,2011,2016
f-00944,p-0436,hy-accent,,2012,2018
f-00945,p-0436,ki-rio,,2012,2017
f-00946,p-0437,hy-i10,,2014,2020
f-00947,p-0437,ki-picanto,,2012,2020
f-00948,p-0438,hy-tucson,,2016,2022
f-00949,p-0438,ki-sportage,,2016,2022
f-00950,p-0439,hy-i10,,2014,2020
f-00951,p-0439,ki-picanto,,2012,2020
f-00952,p-0440,fo-escape,,2013,2019
f-00953,p-0441,fo-fiesta,,2011,2016
